first;last;address;zip;country;randomWords
Tate;Cote;2727 Quam Rd.;8781 TP;Belgium;ipsum porta elit, a feugiat
Scarlett;Farmer;P.O. Box 564, 8266 Nullam Street;9724;Mayotte;et arcu imperdiet ullamcorper. Duis
Perry;Dorsey;P.O. Box 817, 2411 Urna Rd.;48771;Norway;Etiam bibendum fermentum metus. Aenean
Callie;Fletcher;785-7221 Malesuada Rd.;24993;Korea, North;magna nec quam. Curabitur vel
Gannon;Serrano;Ap #694-8121 In Ave;46224-175;Rwanda;Cum sociis natoque penatibus et
Quin;Santos;P.O. Box 623, 994 Ac Street;76935;Faroe Islands;dictum placerat, augue. Sed molestie.
Hollee;Barnett;P.O. Box 596, 7225 Dictum Street;51216;Mauritius;est. Nunc laoreet lectus quis
Fletcher;Slater;Ap #327-8465 Faucibus Rd.;3993;Tanzania;tincidunt dui augue eu tellus.
Kitra;Harvey;P.O. Box 332, 7230 Sociis Street;C0B 7S4;Sao Tome and Principe;ipsum primis in faucibus orci
Adam;Hudson;500-9868 A, Ave;95-830;Svalbard and Jan Mayen Islands;conubia nostra, per inceptos hymenaeos.
Dennis;Oneill;P.O. Box 258, 9854 Ornare St.;27832;Finland;facilisis eget, ipsum. Donec sollicitudin
Brynn;Moore;P.O. Box 867, 6699 Facilisis Avenue;Z8829;Namibia;interdum feugiat. Sed nec metus
Brandon;Ruiz;P.O. Box 907, 1883 Felis. Rd.;305049;Bangladesh;vestibulum massa rutrum magna. Cras
Uriah;Booker;944-3582 Malesuada Rd.;1577;Micronesia;arcu. Curabitur ut odio vel
Nita;Joseph;P.O. Box 491, 3696 Tortor. Ave;17015;Korea, South;parturient montes, nascetur ridiculus mus.
Sybill;Pate;P.O. Box 611, 4898 Nostra, Rd.;BJ30 5KS;Lebanon;viverra. Donec tempus, lorem fringilla
Constance;Wiley;849-2789 Mi, Rd.;69798;Nauru;accumsan sed, facilisis vitae, orci.
Candace;Beck;415-5917 Magna. Av.;66726;Fiji;sed, est. Nunc laoreet lectus
Keefe;Irwin;385-3212 Dolor, St.;6624;Solomon Islands;vel, faucibus id, libero. Donec
Cole;Valdez;P.O. Box 203, 7027 Cursus, Road;07052;Greenland;fermentum arcu. Vestibulum ante ipsum
Nathan;Hyde;P.O. Box 752, 8269 Est. St.;9922;Brunei;turpis. Nulla aliquet. Proin velit.
Suki;Lyons;2767 Pellentesque, Rd.;272875;Heard Island and Mcdonald Islands;ante. Maecenas mi felis, adipiscing
Astra;Hudson;Ap #214-2667 Enim, Rd.;6457;Grenada;eu eros. Nam consequat dolor
Wyatt;Skinner;P.O. Box 809, 1479 Nulla St.;24254-189;Korea, North;laoreet, libero et tristique pellentesque,
Belle;Lindsay;5603 Vel, Road;81815;Palestine, State of;bibendum sed, est. Nunc laoreet
Irene;Jarvis;9250 In Rd.;3797;France;Donec sollicitudin adipiscing ligula. Aenean
Tanek;Mcintyre;586-2432 Odio. Rd.;8098;Burkina Faso;nisi. Aenean eget metus. In
Shad;Hines;537-6487 Malesuada Road;75423;Bangladesh;amet lorem semper auctor. Mauris
Blaze;Jennings;Ap #849-5572 Risus. Av.;435343;Portugal;lectus, a sollicitudin orci sem
David;Willis;P.O. Box 623, 5003 Pede, St.;20616;Peru;Mauris magna. Duis dignissim tempor
Clarke;Dean;P.O. Box 475, 5538 Amet Av.;Z7435;Solomon Islands;Donec tincidunt. Donec vitae erat
Macey;Baxter;704-4228 Eget Road;71561;French Southern Territories;dolor sit amet, consectetuer adipiscing
Nevada;Suarez;456-1355 Auctor, Rd.;57072;Northern Mariana Islands;dictum. Phasellus in felis. Nulla
Deacon;Kent;619-6121 Praesent Avenue;63267-64218;Cyprus;Maecenas iaculis aliquet diam. Sed
Gary;Joyner;2511 Sagittis. Avenue;56860;Denmark;tincidunt, nunc ac mattis ornare,
Macaulay;Heath;6967 Lobortis St.;P25 7RM;Tonga;primis in faucibus orci luctus
Marvin;Woodward;951-3184 Nulla Av.;6536;Iraq;convallis in, cursus et, eros.
Brandon;Brown;Ap #873-6274 Dignissim Avenue;64073;Suriname;Vestibulum accumsan neque et nunc.
Charlotte;Best;3701 Metus Road;251247;Togo;sed consequat auctor, nunc nulla
Raven;Alvarado;5163 Cursus St.;73356;Norway;venenatis a, magna. Lorem ipsum
Jolie;Emerson;803-7143 At Street;7536;Croatia;Sed nulla ante, iaculis nec,
Herman;Pennington;9263 Nisi Av.;46363;Palau;massa. Quisque porttitor eros nec
Hamish;Andrews;5174 Faucibus Av.;979667;Virgin Islands, United States;fermentum arcu. Vestibulum ante ipsum
Yeo;Larson;625-6341 Elit Street;24974;Costa Rica;neque vitae semper egestas, urna
Scarlet;Melendez;P.O. Box 102, 3957 Lacus. Rd.;1112;Christmas Island;Sed eu eros. Nam consequat
Cameran;Bullock;Ap #426-3643 Fringilla Rd.;25747;Ethiopia;tristique aliquet. Phasellus fermentum convallis
Molly;Jennings;755-2093 Id, Street;401574;Uruguay;sit amet diam eu dolor
Timothy;Perry;6205 Posuere, Avenue;13-975;Curaçao;pede, ultrices a, auctor non,
Inez;Contreras;8251 Orci Street;227862;Equatorial Guinea;tortor at risus. Nunc ac
Abel;Wilson;Ap #459-4914 Suspendisse St.;39725;Slovakia;at, velit. Pellentesque ultricies dignissim
Genevieve;Jensen;P.O. Box 877, 920 Mauris Avenue;Z9353;Saint Helena, Ascension and Tristan da Cunha;erat nonummy ultricies ornare, elit
Leo;Travis;P.O. Box 446, 2212 Orci Road;71100;Comoros;est mauris, rhoncus id, mollis
Honorato;Crawford;P.O. Box 262, 8609 Purus. St.;B1Z 3A9;Timor-Leste;mauris blandit mattis. Cras eget
Shaine;Elliott;P.O. Box 433, 6383 Mauris St.;5881;Chad;a, facilisis non, bibendum sed,
Shad;Long;4318 Natoque Road;66489;San Marino;vel nisl. Quisque fringilla euismod
Fallon;Phillips;P.O. Box 463, 4615 Nullam Street;10045;Spain;magna. Ut tincidunt orci quis
Fitzgerald;Dale;719-7000 Convallis Rd.;564666;Russian Federation;sed pede. Cum sociis natoque
Ulysses;Le;P.O. Box 231, 5956 Risus. Av.;K0C 7L7;Korea, North;imperdiet non, vestibulum nec, euismod
Mark;Mcclure;515 Nibh. St.;B7C 0G4;Ecuador;blandit viverra. Donec tempus, lorem
Melvin;Kaufman;P.O. Box 986, 8508 Adipiscing Street;805865;Macao;interdum feugiat. Sed nec metus
Paul;Harding;7220 Tristique Rd.;848401;Dominican Republic;amet orci. Ut sagittis lobortis
India;Oneill;803 Mauris, St.;6541;Bahrain;odio sagittis semper. Nam tempor
Coby;Clayton;989-9694 In Road;6229 WY;Zimbabwe;sit amet ante. Vivamus non
Ria;Bird;Ap #873-8639 Luctus. St.;99481;Bolivia;felis ullamcorper viverra. Maecenas iaculis
Erica;Potts;Ap #866-8758 Habitant Rd.;749692;Cook Islands;magna. Praesent interdum ligula eu
Regan;Sawyer;2607 Dolor St.;24629;Chad;sed tortor. Integer aliquam adipiscing
Hayley;Mcgee;Ap #285-9028 Risus Av.;094475;Liberia;Duis sit amet diam eu
Ignacia;Mullins;Ap #555-1903 Eros St.;2605 RV;Congo (Brazzaville);laoreet posuere, enim nisl elementum
Jasper;Harding;712-510 Mauris Street;11858;Mexico;pharetra. Quisque ac libero nec
Hillary;Gay;4068 Et, Rd.;10901;Norfolk Island;Proin dolor. Nulla semper tellus
Jelani;Peck;P.O. Box 244, 2447 Tortor. Av.;827307;Christmas Island;egestas. Duis ac arcu. Nunc
Fritz;Sandoval;Ap #833-2712 Feugiat St.;2293;Saint Vincent and The Grenadines;Phasellus elit pede, malesuada vel,
Daquan;Bernard;3554 Nulla Rd.;Z3646;Saint Barthélemy;egestas rhoncus. Proin nisl sem,
Gary;Rush;P.O. Box 674, 4157 Fringilla Street;31107-54407;Belgium;vel pede blandit congue. In
Uta;Jordan;1917 Nunc Ave;40102;Pitcairn Islands;ac libero nec ligula consectetuer
Helen;Church;8332 Vivamus Road;96125;Portugal;montes, nascetur ridiculus mus. Donec
Anika;Bullock;2439 Velit Rd.;865415;Lebanon;egestas lacinia. Sed congue, elit
Judith;Robbins;P.O. Box 838, 9345 Vivamus Ave;507292;Luxembourg;euismod ac, fermentum vel, mauris.
Dakota;Anderson;3655 Metus. St.;90690;Dominican Republic;sodales at, velit. Pellentesque ultricies
Martin;Vinson;5002 Ipsum. St.;997778;Eritrea;justo. Praesent luctus. Curabitur egestas
Halee;Fuentes;P.O. Box 628, 3271 Risus St.;52619;Isle of Man;ridiculus mus. Donec dignissim magna
Zoe;Fisher;Ap #237-3630 Enim Road;125343;Cocos (Keeling) Islands;erat eget ipsum. Suspendisse sagittis.
Rae;Floyd;Ap #762-2411 Lorem, Street;11279;Afghanistan;eu dolor egestas rhoncus. Proin
Keelie;Bennett;P.O. Box 704, 4844 Sed Road;873293;Turkey;mi. Duis risus odio, auctor
Ferdinand;Moses;P.O. Box 743, 1786 Duis Rd.;27272-895;Niue;a nunc. In at pede.
Dawn;Rosario;1702 Donec Road;10316;India;odio. Aliquam vulputate ullamcorper magna.
Geoffrey;Wolfe;Ap #601-6192 Lobortis. Road;471442;Lebanon;id risus quis diam luctus
Stuart;Kent;358-9464 Amet Av.;44459-805;Barbados;et, rutrum eu, ultrices sit
Cairo;Berry;Ap #710-5685 Et Rd.;23002;Estonia;a neque. Nullam ut nisi
Maile;Roth;9083 Arcu Road;6232;Cook Islands;neque. Nullam nisl. Maecenas malesuada
Mechelle;Wilson;270-8744 Libero St.;4312;Indonesia;non, dapibus rutrum, justo. Praesent
Bruce;Welch;P.O. Box 386, 8345 Orci St.;92698;Thailand;nisi dictum augue malesuada malesuada.
Adria;Estrada;Ap #409-3010 Faucibus. Rd.;08800;Bahamas;iaculis aliquet diam. Sed diam
Blaze;Leach;Ap #897-3353 Inceptos Road;K7Y 4A8;Bouvet Island;at risus. Nunc ac sem
Shoshana;Bates;P.O. Box 607, 9966 Scelerisque, Rd.;645421;Mexico;Vivamus sit amet risus. Donec
Leo;Higgins;Ap #644-8045 Mus. Ave;4688;Holy See (Vatican City State);Nulla aliquet. Proin velit. Sed
Burke;Hartman;P.O. Box 757, 7156 Donec Street;23760;Tonga;ligula. Aenean gravida nunc sed
Aidan;Reyes;354-6922 Tellus. Rd.;E7G 1H1;Russian Federation;Etiam ligula tortor, dictum eu,
Kimberly;Murphy;8459 Parturient St.;24182;El Salvador;dictum ultricies ligula. Nullam enim.
Edan;Benton;7705 Laoreet Ave;23728;Congo, the Democratic Republic of the;Nunc mauris elit, dictum eu,